REGION,COUNTRY,ISO-2,iso3,PER_CAPITA_GDP,PERCENT_INTERNET,POPULATION,PCT_POPULATION,N_WORDS_TW,PCT_WORDS_TW,N_WORDS_CC4,PCT_WORDS_CC4,POPULATION_ADJUSTED_TW,POPULATION_ADJUSTED_CC4,GDP_ADJUSTED_POPULATION,GDP_ADJUSTED_TW,GDP_ADJUSTED_CC4,INTERNET_ADJUSTED_TW,INTERNET_ADJUSTED_CC4
AFRICA_NORTH,SUDAN,SD,SDN,2967.08,0.19,38647803.0,0.005257197817953991,20400060.0,0.00254577620451179,9232246.0,2.298987284377257E-05,0.002711421613442201,0.005234207945110219,15.598526501694927,7.553521660882842,0.06821279191730072,107368736.84210525,48590768.421052635
AFRICA_NORTH,TUNISIA,TN,TUN,3474.54,0.39,11273661.0,0.001533537779872067,51902914.0,0.006477098763730198,83342157.0,0.00020753623678958834,-0.004943560983858131,0.0013260015430824788,5.328338357676691,22.50493873853112,0.7210929561748963,133084394.87179486,213697838.46153846
AFRICA_NORTH,ALGERIA,DZ,DZA,4055.25,0.14,39871528.0,0.005423659140471489,48631580.0,0.006068860540204856,90940114.0,0.00022645645027853263,-0.0006452013997333668,0.005197202690192957,21.994293729397008,24.610746705665743,0.9183375199920194,347368428.57142854,649572242.8571428
AFRICA_NORTH,DJIBOUTI,DJ,DJI,1927.59,0.07,927414.0,0.00012615461885737681,6346703.0,0.0007920214682948771,268009617.0,0.0006673898221232611,-0.0006658668494375004,-0.0005412352032658843,0.24317438176329095,1.5266926620705221,1.2864539472265768,90667185.7142857,3828708814.285714
AFRICA_NORTH,MOROCCO,MA,MAR,3069.67,0.51,34803322.0,0.00473423931693996,23987253.0,0.002993431288878761,597424662.0,0.0014876896708681511,0.0017408080280611987,0.0032465496460718085,14.532552404031087,9.188846224532467,4.566716351973837,47033829.4117647,1171420905.8823528
AFRICA_NORTH,LIBYA,LY,LBY,3941.77,0.17,6234955.0,0.0008481307933866598,10412887.0,0.0012994510773434078,,,-0.00045132028395674804,,3.343136517447734,5.122137273139924,,61252276.47058823,
AFRICA_NORTH,SOMALIA,SO,SOM,104.14,0.01,13908129.0,0.001891900179438987,8499537.0,0.0010606791864321737,143091571.0,0.0003563225050876736,0.0008312209930068134,0.0015355776743513135,0.1970224846867761,0.11045913047504656,0.03710742567983033,849953700.0,14309157100.0
AFRICA_NORTH,ETHIOPIA,ET,ETH,720.34,0.01,99873033.0,0.013585566329864778,30975879.0,0.003865559987178296,960198.0,2.3910573791951318E-06,0.009720006342686483,0.013583175272485584,9.786226850054796,2.7845174811640137,0.0017223742725294214,3097587900.0,96019800.0
AFRICA_NORTH,ERITREA,ER,ERI,1146.75,0.06,4846976.0,0.0006593262662531003,2710663.0,0.000338270640569221,,,0.0003210556256838793,,0.7560823958257428,0.38791185707275416,,45177716.66666667,
AFRICA_SOUTHERN,BOTSWANA,BW,BWA,7595.6,0.07,2209197.0,0.00030051347673839315,1809978.0,0.0002258718319009768,25291290.0,6.297964126551403E-05,7.464164483741634E-05,0.00023753383547287912,2.282580163914139,1.7156320863870596,0.4783681631963384,25856828.571428567,361304142.8571428
AFRICA_SOUTHERN,ZIMBABWE,ZW,ZWE,1091.17,0.16,15777451.0,0.002146181012412944,46431258.0,0.005794276671830754,,,-0.0036480956594178104,,2.341848335314632,6.322540876001565,,290195362.5,
AFRICA_SOUTHERN,SOUTH_AFRICA,ZA,ZAF,6151.09,0.21,55291225.0,0.007521175457813298,103120550.0,0.012868679914969284,,,-0.005347504457155985,,46.2634271468008,79.15640833816842,,491050238.0952381,
AFRICA_SOUTHERN,LESOTHO,LS,LSO,1178.31,0.04,2174645.0,0.0002958134243445755,,,512258.0,1.275610104324045E-06,,0.00029453781424025144,0.34855991603945674,,0.0015030641420260655,,12806450.0
AFRICA_SOUTHERN,ESWATINI,SZ,SWZ,1091.17,0.16,0.0,0.0,8445806.0,0.0010539739560924283,1065210.0,2.652555234329217E-06,-0.0010539739560924283,-2.652555234329217E-06,0.0,1.150064761669375,0.0028943886950430118,52786287.5,6657562.5
AFRICA_SUB,MALAWI,MW,MWI,340.42,0.03,17573607.0,0.0023905091933422704,11243050.0,0.0014030492633912,5636601.0,1.4036101319341071E-05,0.0009874599299510704,0.0023764730920229292,0.8137771395975757,0.47762603024363237,0.004778169611130088,374768333.3333334,187886700.0
AFRICA_SUB,SENEGAL,SN,SEN,1332.83,0.18,14976994.0,0.0020372961478899595,21157735.0,0.0026403284257186625,135984073.0,0.00033862361846167085,-0.0006030322778287031,0.0016986725294282886,2.7153694247921747,3.5191089356506047,0.45132771739426875,117542972.22222222,755467072.2222222
AFRICA_SUB,COMOROS,KM,COM,1329.92,0.06,777424.0,0.00010575172297439686,17703694.0,0.002209289723518369,3846854.0,9.579324934426345E-06,-0.0021035380005439723,9.617239803997052E-05,0.1406413314181099,2.9381785891015495,0.012739735816792285,295061566.6666667,64114233.333333336
AFRICA_SUB,SAO_TOME,ST,STP,1921.28,0.2,195553.0,2.6600756707809673E-05,483058.0,6.0282056121357314E-05,224813667.0,0.0005598245126778716,-3.3681299413547644E-05,-0.0005332237559700619,0.05110750184758057,0.11581870878484138,1.075579639717741,2415290.0,1124068335.0
AFRICA_SUB,NIGERIA,NG,NGA,1968.55,0.28,181181744.0,0.024645858115399176,71870713.0,0.008968932001018436,503612973.0,0.0012540825073058353,0.015676926114380742,0.02339177560809334,48.51660399306905,17.655791090604843,2.468724119756902,256681117.85714284,1798617760.7142856
AFRICA_SUB,NIGER,NE,NER,378.07,0.01,19896965.0,0.0027065518053356603,10427753.0,0.0013013062438995981,1466667.0,3.652251882603365E-06,0.0014052455614360622,0.0027028995534530567,1.023266041043253,0.49198485163112105,0.0013808068692558542,1042775300.0,146666700.0
AFRICA_SUB,GHANA,GH,GHA,2046.09,0.14,27582821.0,0.003752046303232697,44028016.0,0.005494369892277982,,,-0.0017423235890452853,,7.677024420581389,11.241975292891055,,314485828.57142854,
AFRICA_SUB,CÃ”TE_D'IVOIRE,CI,CIV,1566.38,0.02,23108472.0,0.00314340788206385,2127174.0,0.0002654555404276342,39557533.0,9.850502831958089E-05,0.002877952341636216,0.003044902853744269,4.9237712383071734,0.41580424941503763,0.1542963062592251,106358700.0,1977876650.0
AFRICA_SUB,DEMOCRATIC_REPUBLIC_CONGO,CD,COD,462.78,0.01,76196619.0,0.010364902220761984,3219413.0,0.0004017588677629337,80467648.0,0.00020037821734358573,0.00996314335299905,0.010164524003418399,4.796669449724231,0.18592596882333046,0.0927310314222646,321941300.0,8046764800.0
AFRICA_SUB,GABON,GA,GAB,7220.93,0.08,1930175.0,0.0002625585676440481,9158135.0,0.0011428673327777753,1611624147.0,0.004013219991265768,-0.0008803087651337272,-0.0037506614236217204,1.8959170378579364,8.25256500927502,28.979180631530728,114476687.5,20145301837.5
AFRICA_SUB,KENYA,KE,KEN,1507.81,0.28,47236259.0,0.0064254715266249315,93471417.0,0.011664539672951885,236076.0,5.878696496460832E-07,-0.0052390681463269535,0.006424883656975285,9.688390222560338,17.58790956427358,0.0008863957364328607,333826489.28571427,843128.5714285714
AFRICA_SUB,MOZAMBIQUE,MZ,MOZ,426.44,0.04,28010691.0,0.0038102487638064053,9099718.0,0.001135577324388635,16491584.0,4.10668670605608E-05,0.0026746714394177704,0.0037691818967458446,1.6248424828376036,0.4842555942122895,0.017512554789305548,227492950.0,412289600.0
AFRICA_SUB,LIBERIA,LR,LBR,583.83,0.03,4499621.0,0.0006120761302478166,5221682.0,0.0006516271904654954,,,-3.95510602176788E-05,,0.35734840712258276,0.3804395026094702,,174056066.6666667,
AFRICA_SUB,MADAGASCAR,MG,MDG,516.54,0.02,24234088.0,0.003296523596792941,6864676.0,0.0008566606574923396,26899931.0,6.698543271011798E-05,0.0024398629393006014,0.003229538164082823,1.7027862986874256,0.44249949602109306,0.03460065541208434,343233800.0,1344996550.0
AFRICA_SUB,EQUATORIAL_GUINEA,GQ,GNQ,9850.35,,1175389.0,0.00015988625501033328,7272083.0,0.0009075020298290648,,,-0.0007476157748187315,,1.5749355720410365,8.939212619526728,,,
AFRICA_SUB,GAMBIA,GM,GMB,709.08,0.11,1977590.0,0.0002690083530183497,38210815.0,0.0047684263468834006,22431175.0,5.585746534336392E-05,-0.0044994179938650505,0.00021315088767498577,0.1907484429582514,3.3811957540480817,0.03960741152567249,347371045.45454544,203919772.72727272
AFRICA_SUB,MAURITANIA,MR,MRT,1129.39,0.05,4182341.0,0.0005689170476039612,945643.0,0.00011800923366711387,,,0.00045090781393684735,,0.6425292243934377,0.13327844841130174,,18912860.0,
AFRICA_SUB,MALI,ML,MLI,821.69,0.02,17467905.0,0.002376130722106703,9630189.0,0.001201776171302986,1497140996.0,0.003728137348944018,0.0011743545508037172,-0.001352006626837315,1.952442853047857,0.9874874621979506,3.0633731782538103,481509450.0,74857049800.0
AFRICA_SUB,REPUBLIC_OF_CONGO,CG,COG,2146.53,0.06,4995648.0,0.0006795498767385617,,,1742943.0,4.3402264133715116E-06,,0.0006752096503251903,1.4586741969156252,,0.009316426203094351,,29049050.0
AFRICA_SUB,CENTRAL_AFRICAN_REPUBLIC,CF,CAF,427.71,0.02,4546100.0,0.0006183985930636378,7339719.0,0.0009159425010516179,1369786106.0,0.003411001873228505,-0.0002975439079879801,-0.0027926032801648673,0.2644952622392485,0.3917577671247875,1.4589196111985638,366985950.0,68489305300.0
AFRICA_SUB,TANZANIA,TZ,TZA,933.56,0.12,53879957.0,0.007329202965867294,46973513.0,0.0058619460745569,,,0.0014672568913103937,,6.842250720815071,5.472478377363339,,391445941.6666667,
AFRICA_SUB,CAMEROON,CM,CMR,1451.92,0.05,22834522.0,0.003106142908884689,53975726.0,0.006735770329697479,58850978.0,0.00014654900887082695,-0.00362962742081279,0.002959593900013862,4.509871012267858,9.779799657094363,0.21277743695973106,1079514520.0,1177019560.0
AFRICA_SUB,TOGO,TG,TGO,613.76,0.04,7416802.0,0.0010088955196391578,10588096.0,0.0013213158612222938,6337490.0,1.5781434902046613E-05,-0.000312420341583136,0.0009931140847371112,0.6192197141337294,0.810970822983795,0.009686013485480129,264702400.0,158437250.0
AFRICA_SUB,BURUNDI,BI,BDI,290.44,0.01,10199270.0,0.0013873901186239124,,,34628579.0,8.623108915972701E-05,,0.0013011590294641853,0.40295358605312914,,0.025044957535551114,,3462857900.0
AFRICA_SUB,CHAD,TD,TCD,719.26,0.02,14009413.0,0.0019056776773162575,9405038.0,0.0011736789961857544,216039.0,5.379740898688989E-07,0.0007319986811305031,0.0019051397032263885,1.3706777261864913,0.8441803547965657,0.0003869432438791042,470251900.0,10801950.0
AFRICA_SUB,CABO_VERDE,CV,CPV,3244.67,,532913.0,7.249128911051722E-05,2405883.0,0.0003002363567675506,55014012.0,0.00013699430674895128,-0.00022774506765703341,-6.450301763843406E-05,0.2352103110382219,0.9741678997129685,0.4445013172791198,,
AFRICA_SUB,BURKINA_FASO,BF,BFA,642.14,0.03,18110624.0,0.0024635587429015088,348394.0,4.347698756742287E-05,15157370.0,3.7744445820227614E-05,0.002420081755334086,0.002425814297081281,1.5819496111667748,0.027918312796544918,0.02423721843900096,11613133.333333334,505245666.6666667
AFRICA_SUB,UGANDA,UG,UGA,646.22,0.13,40144870.0,0.005460841408398988,36526837.0,0.004558278380587156,49321799.0,0.00012281972203038232,0.0009025630278118322,0.005338021686368606,3.5289049349355945,2.9456506551030324,0.07936856077047366,280975669.2307692,379398453.84615386
AFRICA_SUB,RWANDA,RW,RWA,748.35,0.07,11629553.0,0.0015819491901099864,,,31716051.0,7.897839589592889E-05,,0.0015029707942140575,1.1838516764188083,,0.059103482568718384,,453086442.8571428
AFRICA_SUB,ANGOLA,AO,AGO,4247.41,0.15,27859305.0,0.0037896559723127007,8308666.0,0.0010368599011001023,43341530.0,0.00010792782856463684,0.0027527960712125984,0.003681728143748064,16.09622267336069,4.403969112531585,0.4584137383237241,55391106.66666667,288943533.3333334
AFRICA_SUB,ZAMBIA,ZM,ZMB,1513.28,0.12,16100587.0,0.002190136677217548,17663855.0,0.0022043181117578385,215464.0,5.365422414448892E-07,-1.4181434540290298E-05,0.002189600134976103,3.3142900308997714,3.3357505121609017,0.000811938643133722,147198791.6666667,1795533.3333333335
AFRICA_SUB,SIERRA_LEONE,SL,SLE,494.84,,7237025.0,0.0009844407465665896,,,6276800.0,1.563030641360636E-05,,0.0009688104401529833,0.48714065903101117,,0.00773450082570897,,
AFRICA_SUB,BENIN,BJ,BEN,826.48,0.04,10575952.0,0.0014386295587665394,15974099.0,0.0019934490939102914,4855869.0,1.2091944999734308E-05,-0.000554819535143752,0.001426537613766805,1.1889985577293696,1.6475458071349778,0.00999375070338041,399352475.0,121396725.0
AMERICA_BRAZIL,BRAZIL,BR,BRA,9821.44,0.45,205962108.0,0.02801669074847034,156705908.0,0.019555735213171617,2265007720.0,0.005640256929133303,0.008460955535298725,0.022376433819337037,275.1642471846566,192.06548005205227,55.39544501406699,348235351.1111111,5033350488.888888
AMERICA_CENTRAL,HONDURAS,HN,HND,2480.13,0.16,8960829.0,0.001218927002548084,69042193.0,0.008615953680857335,218362271.0,0.0005437594323382854,-0.007397026678309251,0.0006751675702097986,3.0230974268295796,21.368685202504704,1.3485940809251518,431513706.25,1364764193.75
AMERICA_CENTRAL,SAINT_VINCENT,VC,VCT,7098.78,0.43,109455.0,1.4888985724858773E-05,,,84248289.0,0.00020979266057418784,,-0.00019490367484932908,0.10569363408391295,,1.489271943030833,,195926253.4883721
AMERICA_CENTRAL,TRINIDAD_TOBAGO,TT,TTO,16145.25,0.55,1360092.0,0.00018501110385541654,,,54232846.0,0.00013504906969505576,,4.9962034160360786E-05,2.987050524521664,,2.180400992494099,,98605174.54545453
AMERICA_CENTRAL,SAINT_LUCIA,LC,LCA,9606.97,0.42,177206.0,2.4105044121870397E-05,,,6103025.0,1.5197576918158927E-05,,8.90746720371147E-06,0.23157643572748524,,0.14600266552544525,,14531011.904761905
AMERICA_CENTRAL,JAMAICA,JM,JAM,5129.85,0.32,2871934.0,0.000390664513532836,56278892.0,0.0070231883665974,,,-0.006632523853064564,,2.004050354746419,36.02790284238967,,175871537.5,
AMERICA_CENTRAL,HAITI,HT,HTI,775.97,,10711061.0,0.001457008216409406,68190052.0,0.008509612803394774,189280386.0,0.00047134056067832137,-0.007052604586985368,0.0009856676557310848,1.1305946656872068,6.603204247050243,0.36574613486955704,,
AMERICA_CENTRAL,BAHAMAS,BS,BHS,29824.67,0.65,386838.0,5.262094431348882E-05,,,4756985.0,1.1845706913543405E-05,,4.077523739994542E-05,1.5694022992381806,,0.35329429961315056,,7318438.461538461
AMERICA_CENTRAL,DOMINICA,DM,DMA,6719.34,0.51,73162.0,9.95210793113259E-06,,,3050120.0,7.595320895722188E-06,,2.3567870354104024E-06,0.06687159690597647,,0.05103554350746193,,5980627.450980392
AMERICA_CENTRAL,CAICOS_ISLANDS,TC,TCA,28689.13,,34339.0,4.671078350060988E-06,,,108803723.0,0.0002709398944416183,,-0.0002662688160915573,0.1340091740250852,,7.773029853821865,,
AMERICA_CENTRAL,BERMUDA,BM,BMU,80101.2,,62003.0,8.434167300702742E-06,,,75405276.0,0.0001877720445262805,,-0.00017933787722557778,0.8619053525518177,,19.188821429154554,,
AMERICA_CENTRAL,MEXICO,MX,MEX,8967.17,0.36,125890949.0,0.01712474114978689,115691138.0,0.014437396075957116,5668324634.0,0.014115098598204997,0.0026873450738297746,0.003009642551581893,153.56046509613452,129.46258497044036,126.5724886968659,321364272.2222222,15745346205.555555
AMERICA_CENTRAL,ARUBA,AW,ABW,25655.1,,104341.0,1.4193336617947918E-05,,,12930491.0,3.219913593047083E-05,,-1.8005799312522916E-05,0.3641314702671156,,0.8260720522098223,,
AMERICA_CENTRAL,NICARAGUA,NI,NIC,2221.78,0.11,6082035.0,0.0008273293343665565,63934661.0,0.007978571563874222,,,-0.007151242229507665,,1.8381437685089281,17.72663072918447,,581224190.9090909,
AMERICA_CENTRAL,PANAMA,PA,PAN,15087.68,0.43,3969249.0,0.0005399304892367637,90640470.0,0.011311258481189015,816871.0,2.03414861559856E-06,-0.010771327991952252,0.0005378963406211651,8.146298443847735,170.6606483614659,0.030690583384594083,210791790.69767442,1899700.0
AMERICA_CENTRAL,SAINT_KITTS_NEVIS,KN,KNA,16817.95,,54288.0,7.384708391860886E-06,2725110.0,0.0003400735190326462,721298.0,1.7961554861587814E-06,-0.00033268881064078533,5.588552905702105E-06,0.12419565649889679,5.7193394394150925,0.03020765315844408,,
AMERICA_CENTRAL,PUERTO RICO,PR,PR,28450.69,,3673728.0,0.0004997312479924533,,,57093052.0,0.00014217147222278254,,0.00035755977576967075,14.21769881994641,,4.044876483053997,,
AMERICA_CENTRAL,GUATEMALA,GT,GTM,4470.96,0.12,16252429.0,0.00221079149765,88091552.0,0.010993172417145487,81325639.0,0.00020251476179778479,-0.008782380919495488,0.002008276735852215,9.884360354333245,49.150034150160785,0.9054353994074239,734096266.6666667,677713658.3333334
AMERICA_CENTRAL,VIRGIN_ISLANDS,VG,VGB,31916.82,,30113.0,4.0962224396571405E-06,,,79727469.0,0.0001985350449355248,,-0.00019443882249586765,0.1307383942864978,,6.336607292899056,,
AMERICA_CENTRAL,EL_SALVADOR,SV,SLV,3889.31,0.18,6312478.0,0.0008586761210587463,120666732.0,0.015058313308970728,121622684.0,0.00030286130158125473,-0.014199637187911982,0.0005558148194774916,3.3396576243949925,58.566448535712944,1.1779214888529899,670370733.3333334,675681577.7777778
AMERICA_CENTRAL,DOMINICAN_REPUBLIC,DO,DOM,7052.27,0.36,10528394.0,0.0014321603213346926,4953111.0,0.0006181115213438389,141954286.0,0.00035349047076610875,0.0008140487999908537,0.0010786698505685839,10.099981269339013,4.359089338627515,2.492910242269706,13758641.666666668,394317461.1111111
AMERICA_CENTRAL,CUBA,CU,CUB,8433.09,0.23,11461432.0,0.001559079963769947,88834875.0,0.011085933615184432,1250922548.0,0.003115011267672892,-0.009526853651414485,-0.001555931303902945,13.147861651668702,93.48867591087568,26.26917037129959,386238586.95652175,5438793686.956521
AMERICA_CENTRAL,GRENADA,GD,GRD,10451.03,,106823.0,1.4530959043319985E-05,2295618.0,0.00028647610247464696,95557607.0,0.0002379547982349248,-0.000271945143431327,-0.00022342383919160482,0.15186348889050846,2.99397034124561,2.4868727349971462,,
AMERICA_CENTRAL,COSTA_RICA,CR,CRI,11734.1,0.42,4807852.0,0.0006540042921313207,73250306.0,0.009141094976583755,222321557.0,0.0005536187321979434,-0.008487090684452435,0.00010038555993337726,7.67415176429813,107.26252256473146,6.496217565483888,174405490.47619048,529337040.4761905
AMERICA_CENTRAL,BARBADOS,BB,BRB,16494.17,0.72,284217.0,3.866157649958601E-05,4824315.0,0.0006020387356737821,36130218.0,8.997042730856423E-05,-0.0005633771591741962,-5.130885080897822E-05,0.6376906152521765,9.930129252788426,1.4839875230001007,6700437.5,50180858.333333336
AMERICA_CENTRAL,BELIZE,BZ,BLZ,5076.99,,359288.0,4.887336259753378E-05,3374056.0,0.0004210571673558917,250995293.0,0.0006250212429841492,-0.00037218380475835793,-0.0005761478803866154,0.24812957317405304,2.1377030280941884,3.1732266004180953,,
AMERICA_NORTH,UNITED_STATES,US,USA,60054.94,0.78,319929162.0,0.0435194438443564,283478648.0,0.035376033039391734,22298821436.0,0.055527882313754426,0.008143410804964668,-0.012008438469398024,2613.5575889061934,2124.5055416186883,3334.7236406795832,363434164.1025641,28588232610.25641
AMERICA_NORTH,CANADA,CA,CAN,44973.55,0.83,35949709.0,0.004890180477034645,168784754.0,0.02106308561923721,29559952407.0,0.07360934133523943,-0.016172905142202564,-0.06871916085820479,219.92877619294148,947.2817342510457,3310.4733930074576,203355125.30120483,35614400490.36145
AMERICA_SOUTH,URUGUAY,UY,URY,17120.18,0.51,3431552.0,0.00046678844038290244,108192190.0,0.01350158297652156,64746124.0,0.00016122893149588208,-0.013034794536138657,0.00030555950888702037,7.991502121274559,231.1495308429849,2.7602683284171703,212141549.01960784,126953184.31372549
AMERICA_SOUTH,BOLIVIA,BO,BOL,3393.96,0.3,10724705.0,0.0014588641875503314,40198432.0,0.0050164662086427825,46840919.0,0.00011664190617271794,-0.003557602021092451,0.0013422222813776134,4.951326697978323,17.025685653485258,0.3958779638739578,133994773.33333334,156136396.6666667
AMERICA_SOUTH,ECUADOR,EC,ECU,6273.49,0.31,16144368.0,0.0021960921354791173,94884943.0,0.011840937235275658,633815824.0,0.0015783098934030715,-0.00964484509979654,0.0006177822420760457,13.777162051006886,74.28400133612948,9.901511333165235,306080461.2903226,2044567174.1935484
AMERICA_SOUTH,SURINAME,SR,SUR,6757.43,0.32,553208.0,7.525198496987505E-05,8184287.0,0.0010213383242743004,12659521.0,3.152437424794233E-05,-0.0009460863393044254,4.372761072193272E-05,0.5085100207949828,6.901622232600887,0.21302375227427292,25575896.875,39561003.125
AMERICA_SOUTH,CHILE,CL,CHL,15346.73,0.54,17762681.0,0.002416228622212052,76621837.0,0.00956183704266463,8030241517.0,0.019996675931362028,-0.0071456084204525785,-0.017580447309149975,37.08120828336037,146.74293139777257,306.88358641611154,141892290.74074075,14870817624.074074
AMERICA_SOUTH,COLOMBIA,CO,COL,6301.59,0.4,48228697.0,0.0065604712545022075,78205895.0,0.009759515733951157,11510687302.0,0.028663581691541533,-0.003199044479448949,-0.022103110437039324,41.341400052658564,61.50046675390927,180.62613975160122,195514737.5,28776718255.0
AMERICA_SOUTH,PERU,PE,PER,6572.35,0.37,31376671.0,0.0042681175516202105,88590713.0,0.011055464008249648,1516159131.0,0.0037754957604698475,-0.006787346456629438,0.000492621791150363,28.05156239039109,72.66037887461958,24.813879561324004,239434359.45945945,4097727381.081081
AMERICA_SOUTH,PARAGUAY,PY,PRY,4321.51,0.24,6639119.0,0.0009031085653157797,84082394.0,0.010492859230001523,5429656.0,1.3520772846112073E-05,-0.009589750664685743,0.0008895877924696676,3.902792696097795,45.34499609104388,0.05843015506220179,350343308.3333334,22623566.666666668
AMERICA_SOUTH,ARGENTINA,AR,ARG,14399.62,0.48,43417765.0,0.005906047994977597,87661469.0,0.010939501248170249,115384763.0,0.00028732781053265194,-0.005033453253192652,0.005618720184444945,85.04484682943931,157.5246609631773,4.137411287102186,182628060.4166667,240384922.9166667
AMERICA_SOUTH,VENEZUELA,VE,VEN,7977.36,0.4,31155134.0,0.004237982233630828,150120266.0,0.018733895929609046,43893247.0,0.00010930169833324434,-0.014495913695978219,0.004128680535297583,33.80790995127722,149.447032033026,0.87193899621569,375300665.0,109733117.5
AMERICA_SOUTH,GUYANA,GY,GUY,4555.07,0.32,768514.0,0.00010453971015809345,7759606.0,0.0009683412848387168,11852956.0,2.9515889336444366E-05,-0.0008638015746806234,7.502382082164908E-05,0.4761856975498267,4.410862336330293,0.13444694203975763,24248768.75,37040487.5
ASIA_CENTRAL,UZBEKISTAN,UZ,UZB,1556.76,0.3,30976021.0,0.00421361778339889,492912.0,6.151176224571475E-05,617068520.0,0.001536606239770358,0.004152106021153176,0.0026770115436285324,6.559591620484056,0.09575905099363889,2.3921271298249023,1643040.0,2056895066.6666667
ASIA_CENTRAL,TAJIKISTAN,TJ,TJK,800.96,0.13,8548651.0,0.0011628590992261633,7477227.0,0.0009331024797149164,106264470.0,0.0002646167198221197,0.0002297566195112469,0.0008982423794040436,0.9314036241161878,0.7473777621524595,0.211947407908725,57517130.76923077,817419000.0
ASIA_CENTRAL,AZERBAIJAN,AZ,AZE,4146.37,0.5,9617484.0,0.0013082507147691529,31301156.0,0.003906152144577587,1388899884.0,0.003458598452195757,-0.002597901429808434,-0.0021503477374266045,5.424491516197373,16.19635206771217,14.340628864230922,62602312.0,2777799768.0
ASIA_CENTRAL,ARMENIA,AM,ARM,3936.8,,2916950.0,0.00039678796683684437,38510661.0,0.004805844904074803,,,-0.004409056937237959,,1.562074867843289,18.919650218361685,,,
ASIA_CENTRAL,TURKMENISTAN,TM,TKM,6584.7,0.05,5565284.0,0.0007570365358438166,,,56570654.0,0.0001408706117827725,,0.000616165924061044,4.9848584775707785,,0.9275907174060221,,1131413080.0
ASIA_CENTRAL,AFGHANISTAN,AF,AFG,618.99,0.05,33736494.0,0.004589120438287732,23327200.0,0.0029110615693232,38832308.0,9.66990939312289E-05,0.001678058868964532,0.004492421344356503,2.840619660095723,1.8019180007953677,0.059855772152491375,466544000.0,776646160.0
ASIA_CENTRAL,IRAN,IR,IRN,5679.65,0.21,79360487.0,0.010795278041759995,76363593.0,0.009529610106559642,19765782454.0,0.049220181662742835,0.0012656679352003528,-0.03842490362098284,61.31340092988215,54.124850041721466,279.55340478079734,363636157.14285713,94122773590.4762
ASIA_CENTRAL,KAZAKHSTAN,KZ,KAZ,8756.46,0.45,17749648.0,0.002414455764407913,16902897.0,0.0021093561964971533,3813553646.0,0.0094964013528718,0.00030509956791075973,-0.007081945588463886,21.14208532280731,18.470493160379462,83.15485859036778,37561993.333333336,8474563657.777778
ASIA_CENTRAL,KYRGYZSTAN,KG,KGZ,1251.38,0.2,5865401.0,0.0007978609634970754,885283.0,0.00011047675328694187,368002136.0,0.0009163883103717881,0.0006873842102101335,-0.00011852734687471276,0.9984272525009703,0.13824839952821333,1.1467500038330483,4426415.0,1840010680.0
ASIA_CENTRAL,GEORGIA,GE,GEO,3874.95,0.37,3951524.0,0.000537519386299729,24845490.0,0.0031005329019343887,785544676.0,0.001956140706643056,-0.00256301351563466,-0.001418621320343327,2.082860745942135,12.014409968350659,7.579947431206509,67149972.97297297,2123093718.9189188
ASIA_EAST,SOUTH_KOREA,KR,KOR,30025.2,0.84,50593662.0,0.006882173599071124,51727683.0,0.006455231234414461,1041604414.0,0.0025937732845693496,0.00042694236465666384,0.004288400314501775,206.63863874683034,193.81960885954106,77.87856162385164,61580575.0,1240005254.7619047
ASIA_EAST,CHINA,TW,TW,24318.0,,23485755.0,0.0031947290752595186,32470928.0,0.004052131015340917,3688036455.0,0.00918384206222925,-0.0008574019400813988,-0.005989112986969732,77.68942165216097,98.53972203106044,223.33267126929093,,
ASIA_EAST,CHINA,CN,CHN,8682.25,0.38,697028553.0,0.19003552311760186,32470928.0,0.004052131015340917,3688036455.0,0.00918384206222925,0.18598339210226095,0.1808516810553726,1649.9359205877988,35.18161450794368,79.73641274478992,85449810.5263158,9705359092.105263
ASIA_EAST,HONG_KONG,HK,HKG,46390.33,,7245701.0,0.000985620928743273,8928170.0,0.0011141694061603754,842217578.0,0.002097265933447842,-0.0001285484774171024,-0.001111645004704569,45.72328013930692,51.68668642768385,97.29285875040344,,
ASIA_EAST,MONGOLIA,MN,MNG,3620.39,0.2,2976877.0,0.00040493973923219964,6410909.0,0.000800033900953746,552585010.0,0.0013760312620866898,-0.00039509416172154633,-0.0009710915228544902,1.4660397825188631,2.896434734673932,4.981769820946031,32054545.0,2762925050.0
ASIA_EAST,MACAO,MO,MAC,80101.2,,600942.0,8.174516339562453E-05,,,5972357.0,1.4872191231431116E-05,,6.687297216419342E-05,6.61259597098121,,1.2030533395678233,,
ASIA_EAST,NORTH_KOREA,KP,PRK,684.6,,25243917.0,0.003433888994130188,21293312.0,0.0026572474299019393,,,0.0007766415642282485,,2.350840405381527,1.8191515905108677,,,
ASIA_EAST,JAPAN,JP,JPN,38219.68,0.8,127974958.0,0.017408225506385284,44875738.0,0.0056001593113111205,9411331437.0,0.023435826236349138,0.011808066195074164,-0.006027600729963854,665.3368082218835,214.0362968273314,895.7097792888684,56094672.5,11764164296.25
ASIA_SOUTH,SRI_LANKA,LK,LKA,4184.37,0.15,20714040.0,0.002817697189385169,49725154.0,0.0062053304656400155,635387313.0,0.0015822231700082865,-0.0033876332762548464,0.0012354740193768826,11.790287588347619,25.96539864051011,6.620607165887574,331501026.6666667,4235915420.0
ASIA_SOUTH,PAKISTAN,PK,PAK,1533.58,0.09,189380513.0,0.025761123334917837,143933244.0,0.01796180146594615,1003208895.0,0.0024981618700142512,0.007799321868971688,0.023262961464903587,39.506743523963294,27.545859492145695,3.8311310806164554,1599258266.6666667,11146765500.0
ASIA_SOUTH,BANGLADESH,BD,BGD,1491.67,0.05,161200886.0,0.021927894481646216,90417792.0,0.011283469918132422,,,0.010644424563513794,,32.709182361437215,16.83121357278059,,1808355840.0,
ASIA_SOUTH,INDIA,IN,IND,1923.32,0.1,609053980.0,0.17806848495993388,223762109.0,0.02792385182021884,13344595162.0,0.033230326176967404,0.15014463313971504,0.14483815878296646,342.48267849314004,53.706502682863295,63.912550942684945,2237621090.0,133445951620.0
ASIA_SOUTH,BHUTAN,BT,BTN,3172.83,0.21,787386.0,0.00010710683764061624,7070299.0,0.0008823208830260061,14004355.0,3.4873241106124184E-05,-0.0007752140453853899,7.223359653449205E-05,0.3398317876712764,2.799454167291403,0.110646865578744,33668090.47619048,66687404.76190476
ASIA_SOUTH,SEYCHELLES,SC,SYC,15692.74,0.43,93742.0,1.2751571877207175E-05,5516344.0,0.0006883988229005888,89821909.0,0.00022367192842293314,-0.0006756472510233817,-0.00021092035654572596,0.20010710206032412,10.802863744084986,3.5100254180397,12828706.976744186,208888160.4651163
ASIA_SOUTH,NEPAL,NP,NPL,848.67,0.09,28656282.0,0.003898067458092617,59796827.0,0.007462200566170301,,,-0.003564133108077684,,3.308172909659461,6.33294575449175,,664409188.888889,
ASIA_SOUTHEAST,MYANMAR,MM,MMR,1257.28,0.01,52403669.0,0.007128385909014884,14648117.0,0.0018279763735746183,,,0.005300409535440266,,8.962377035686233,2.2982781349678962,,1464811700.0,
ASIA_SOUTHEAST,KIRIBATI,KI,KIR,1694.29,0.1,112407.0,1.529054148621991E-05,888584.0,0.00011088869360726902,82449.0,2.0531212297594805E-07,-9.55981521210491E-05,1.5085229363243964E-05,0.025906611534687533,0.18787760469185982,0.000347858276836919,8885840.0,824490.0
ASIA_SOUTHEAST,SOLOMON_ISLANDS,SB,SLB,1982.28,0.06,587482.0,7.991422147559712E-05,1219427.0,0.00015217544653001994,687231.0,1.711322824835762E-06,-7.226122505442282E-05,7.820289865076136E-05,0.15841236294664665,0.3016543441475279,0.003392321009215434,20323783.333333336,11453850.0
ASIA_SOUTHEAST,FEDERATED_STATES_MICRONESIA,FM,FSM,3187.56,,104433.0,1.4205851228396842E-05,5778696.0,0.0007211384069413259,,,-0.000706932555712929,,0.04528200314158864,2.2986719404298928,,,
ASIA_SOUTHEAST,VIET_NAM,VN,VNM,2342.24,0.35,93571567.0,0.012728388153265418,42754388.0,0.005335430562893659,16085146616.0,0.04005476840362341,0.007392957590371759,-0.027326380250357992,29.81293986810439,12.496858881632043,93.8178807457029,122155394.2857143,45957561760.0
ASIA_SOUTHEAST,COOK_ISLANDS,CK,COK,17797.63,,17449.0,2.3735591056878244E-06,,,836408.0,2.0827990897896488E-06,,2.907600158981757E-07,0.0422437267461628,,0.03706888756441295,,
ASIA_SOUTHEAST,CAMBODIA,KH,KHM,1382.12,0.03,15517635.0,0.002110838664278186,8929783.0,0.0011143706965986329,,,0.0009964679676795533,,2.9174323346721662,1.5401940271829024,,297659433.3333334,
ASIA_SOUTHEAST,BRUNEI ,BN,BRN,28290.77,0.56,417542.0,5.679755952244285E-05,3752024.0,0.00046822477080739685,,,-0.000411427211284954,,1.6068466930107406,13.24643929921478,,6700042.857142856,
ASIA_SOUTHEAST,PHILIPPINES,PH,PHL,2988.95,0.29,101716359.0,0.013836310969216668,102419094.0,0.012781143408051558,988235980.0,0.002460876748717589,0.0010551675611651101,0.01137543422049908,41.35604167144016,38.2021985894957,7.355437558079437,353169289.65517247,3407710275.862069
ASIA_SOUTHEAST,FRENCH_POLYNESIA,PF,PYF,19806.97,,277690.0,3.7773719299584616E-05,,,57311064.0,0.00014271435942037416,,-0.00010494064012078955,0.7481829249552936,,2.8267390356085684,,
ASIA_SOUTHEAST,PAPUA_NEW_GUINEA,PG,PNG,2667.0,0.02,7919825.0,0.001077320920637519,14653092.0,0.001828597216680837,,,-0.0007512762960433181,,2.873214895340263,4.876868776887792,,732654600.0,
ASIA_SOUTHEAST,TIMOR-LESTE,TL,TLS,2279.25,0.01,1240977.0,0.00016880808403342074,,,542266790.0,0.0013503371280943687,,-0.001181529044060948,0.3847558255331742,,3.07775589920909,,54226679000.0
ASIA_SOUTHEAST,PALAU,PW,PLW,13417.28,,21288.0,2.8957720351815223E-06,3370182.0,0.00042057372088483835,698437027.0,0.0017392277502259526,-0.0004176779488496568,-0.001736331978190771,0.03885338421220034,5.642955373753725,23.33570570855167,,
ASIA_SOUTHEAST,VANUATU,VU,VUT,3128.39,,264603.0,3.599351596322513E-05,,,62980491.0,0.00015683220309861356,,-0.00012083868713538844,0.11260175540419384,,0.4906322958516717,,
ASIA_SOUTHEAST,THAILAND,TH,THA,6595.0,0.24,68657600.0,0.0093393817212833,64483748.0,0.008047093549535379,177635.0,4.423415561720886E-07,0.0012922881717479205,0.009338939379727127,61.59322245186336,53.07058195918582,0.0029172425629549244,268682283.3333334,740145.8333333334
ASIA_SOUTHEAST,SAN_MARINO,SM,SMR,50587.63,0.5,32960.0,4.483495221701568E-06,,,27241649.0,6.783636902273665E-05,,-6.335287380103508E-05,0.22680939738220687,,3.431681136665663,,54483298.0
ASIA_SOUTHEAST,FIJI,FJ,FJI,5382.3,0.28,892149.0,0.00012135757823257988,2228257.0,0.000278069949212739,,,-0.00015671237098015912,,0.6531828933212147,1.4966558876477252,,7958060.714285714,
ASIA_SOUTHEAST,MAURITIUS,MU,MUS,10564.91,0.35,1259456.0,0.00017132175236478673,57894961.0,0.007224861793295612,116255679.0,0.00028949654044925163,-0.007053540040930825,-0.0001181747880844649,1.8099988947762589,76.33001460860675,3.058504895157703,165414174.2857143,332159082.85714287
ASIA_SOUTHEAST,SINGAPORE,SG,SGP,56736.77,0.75,5535262.0,0.0007529526919862339,17286531.0,0.002157230874730535,1861906374.0,0.004636465577852849,-0.0014042781827443012,-0.0038835128858666153,42.72010370610379,122.39431197648517,263.0580811035542,23048708.0,2482541832.0
ASIA_SOUTHEAST,NAURU,NR,NRU,10045.38,,11260.0,1.5316794962487762E-06,,,1345330.0,3.350101983083266E-06,,-1.8184224868344897E-06,0.01538630257802753,,0.033653047458824976,,
ASIA_SOUTHEAST,INDONESIA,ID,IDN,3846.86,0.18,258162113.0,0.035117372574632294,102558828.0,0.012798581175007206,657379195.0,0.001636986720586905,0.022318791399625088,0.03348038585404539,135.09161586245,49.234349978888226,6.297258735956942,569771266.6666667,3652106638.888889
ASIA_SOUTHEAST,LAO,LA,LAO,2457.38,0.09,6663967.0,0.0009064885983639848,393126.0,4.905920944227135E-05,,,0.0008574293889217135,,2.227586951847689,0.12055712009924878,,4368066.666666667,
EUROPE_EAST,BOSNIA AND HERZEGOVINA,BA,BIH,5180.78,0.6,3535961.0,0.0004809910269303125,58305822.0,0.007276134199218044,1165555848.0,0.002902433572267844,-0.006795143172287732,-0.0024214425453375314,2.491908692500024,37.69605053662486,15.0368698025338,97176370.0,1942593080.0
EUROPE_EAST,SLOVENIA,SI,SVN,23296.41,0.72,2074788.0,0.0002822300389576382,67187494.0,0.008384500999799935,2336951369.0,0.005819408929895307,-0.008102270960842296,-0.005537178890937669,6.574946701873111,195.3287729367492,135.57133638850235,93315963.8888889,3245765790.2777777
EUROPE_EAST,SLOVAKIA,SK,SVK,17552.06,0.74,5439318.0,0.0007399015856284992,1470157.0,0.00018346469115759656,6308800251.0,0.015709992516149424,0.0005564368944709026,-0.014970090930520924,12.986797025046556,3.2201832670796047,275.74273124300566,1986698.6486486488,8525405744.594595
EUROPE_EAST,BULGARIA,BG,BGR,8218.2,0.51,7177396.0,0.0009763295106268188,47043413.0,0.0058706690761900025,3811406835.0,0.009491055426007458,-0.004894339565563184,-0.00851472591538064,8.023671184233322,48.24633260194468,77.9993917020145,92241986.2745098,7473346735.294118
EUROPE_EAST,POLAND,PL,POL,13785.75,0.65,38265226.0,0.0052051564905440115,80529703.0,0.0100495097393734,6469208328.0,0.01610943608528137,-0.004844353248829388,-0.01090427959473736,71.75698608951711,138.54002888956683,222.08065851266764,123891850.76923077,9952628196.923077
EUROPE_EAST,UKRAINE,UA,UKR,2536.11,0.31,44657704.0,0.006074714881558346,33773682.0,0.004214705053531615,3645480071.0,0.009077869381599777,0.0018600098280267307,-0.003003154500041431,15.406145158268936,10.688955633312064,23.02247531736901,108947361.29032259,11759613132.258064
EUROPE_EAST,BELARUS,BY,BLR,5749.81,0.4,9485772.0,0.001290334145514276,28945751.0,0.003612215067873494,3553705588.0,0.008849335209690473,-0.0023218809223592178,-0.007559001064176197,7.41917617321944,20.769550319409696,50.88199608203038,72364377.5,8884263970.0
EUROPE_EAST,CROATIA,HR,HRV,13176.53,0.71,4236016.0,0.0005762183706022872,59230345.0,0.007391507813507602,4325566548.0,0.010771401121221885,-0.006815289442905314,-0.010195182750619598,7.592558646792156,97.39442444991732,141.9296900158138,83423021.12676057,6092347250.704226
EUROPE_EAST,ROMANIA,RO,ROU,10762.76,0.44,19876621.0,0.0027037844440859545,62402398.0,0.0077873565044845015,6900165353.0,0.017182592845389418,-0.005083572060398547,-0.014478808401303464,29.10018306343055,83.81344909220562,184.9321229726434,141823631.8181818,15682193984.09091
EUROPE_EAST,LITHUANIA,LT,LTU,16449.68,0.65,2931926.0,0.0003988251277725301,25262854.0,0.0031526168340316398,4510580807.0,0.011232118295427902,-0.0027537917062591096,-0.010833293167655371,6.5605457278172326,51.85953808243359,184.76475168193446,38865929.23076923,6939355087.692307
EUROPE_EAST,NORTH_MACEDONIA,MK,MKD,5414.62,0.57,2079308.0,0.0002828448872101288,56972267.0,0.0071097164246424925,447985689.0,0.0011155610483017722,-0.006826871537432363,-0.0008327161610916434,1.5314975831857076,38.49641274719773,6.040339163355742,99951345.6140351,785939805.263158
EUROPE_EAST,ESTONIA,EE,EST,19792.64,0.77,1315321.0,0.00017892097750314709,41959231.0,0.005236200866047132,2755339301.0,0.006861266496954175,-0.005057279888543985,-0.006682345519451028,3.541318496167889,103.63823870935911,135.80257771827507,54492507.79220779,3578362728.5714283
EUROPE_EAST,CZECHIA,CZ,CZE,20325.72,0.73,10603762.0,0.0014424125078598506,71159209.0,0.008880141578215027,6456803419.0,0.016078545738495917,-0.007437729070355177,-0.014636133230636067,29.318072759257124,180.49527127915675,326.80801868786125,97478368.49315068,8844936190.41096
EUROPE_EAST,HUNGARY,HU,HUN,14376.41,0.59,9783925.0,0.001330891413440125,55358666.0,0.006908350986041996,5455527325.0,0.013585196873813448,-0.005577459572601871,-0.012254305460373323,19.13344062509475,99.31728619924401,195.3063601886604,93828247.45762712,9246656483.050848
EUROPE_EAST,SERBIA,RS,SRB,5912.08,0.42,8851280.0,0.0012040252301560273,3757513.0,0.00046890975730187615,3204543569.0,0.007979862015552784,0.0007351154728541512,-0.006775836785396757,7.118293482700846,2.7722319979492758,47.1775826249093,8946459.523809524,7629865640.476191
EUROPE_EAST,LATVIA,LV,LVA,15624.85,0.72,1992663.0,0.0002710587087063566,35736404.0,0.004459638203908221,2930234168.0,0.007296784652921696,-0.004188579495201864,-0.007025725944215339,4.235251664730516,69.68117799033537,114.01116568420356,49633894.44444445,4069769677.777778
EUROPE_EAST,MOLDOVA,MD,MDA,2006.43,0.38,4065980.0,0.0005530886499251866,19559366.0,0.002440863827760161,1088489915.0,0.0027105262075532662,-0.0018877751778349744,-0.00215743755762808,1.109733659869392,4.89742240993282,5.4384810986211,51472015.78947368,2864447144.736842
EUROPE_RUSSIA,RUSSIA,RU,RUS,10955.81,0.49,143888004.0,0.019572851286231072,135778195.0,0.01694411182724765,15363648300.0,0.0382581140963361,0.002628739458983422,-0.01868526281010503,214.43643985020324,185.63646979807808,419.14862899778,277098357.14285713,31354384285.714287
EUROPE_WEST,IRELAND,IE,IRL,69603.92,0.77,4700107.0,0.0006393479149267626,110093895.0,0.0137389016577902,6670882024.0,0.016611638109249708,-0.013099553742863437,-0.015972290194322947,44.50112112272919,956.2814118766964,1156.235130025168,142979084.41558442,8663483148.051949
EUROPE_WEST,GREECE,GR,GRC,18198.0,0.53,11217800.0,0.0015259390988472045,84007434.0,0.01048350477789255,5198139531.0,0.012944257209120898,-0.008957565679045345,-0.011418318110273693,27.76903972082143,190.77881994808862,235.5595926915821,158504592.4528302,9807810435.849056
EUROPE_WEST,ALBANIA,AL,ALB,4450.01,0.49,2923352.0,0.0003976588204900402,58761275.0,0.007332971356053537,330024603.0,0.0008218177525042685,-0.006935312535563497,-0.0004241589320142283,1.7695857277688838,32.631795864151805,3.65709721682152,119920969.38775511,673519597.9591837
EUROPE_WEST,AUSTRIA,AT,AUT,47717.73,0.8,8678657.0,0.0011805436040742375,77252891.0,0.009640587902072005,5571148669.0,0.013873113811532188,-0.008460044297997767,-0.01269257020745795,56.33286095244137,460.0269705523384,661.9934991179639,96566113.75,6963935836.25
EUROPE_WEST,GERMANY,DE,DEU,44976.43,0.83,81707789.0,0.011114577717151092,103775638.0,0.01295043003934447,12529922128.0,0.0312016508729395,-0.0018358523221933768,-0.020087073155788407,499.89402667500593,582.4641101344738,1403.3388663712024,125030889.15662651,15096291720.481928
EUROPE_WEST,BELGIUM,BE,BEL,43288.91,0.78,11287940.0,0.001535480129030765,94898853.0,0.011842673100121388,6591620212.0,0.016414262629951715,-0.010307192971090624,-0.01487878250092095,66.46926111240117,512.6564099905759,710.5555377043431,121665196.15384614,8450795143.589744
EUROPE_WEST,MALTA,MT,MLT,29136.97,0.69,427616.0,5.816790936660006E-05,,,11033958.0,2.7476444126762554E-05,,3.069146523983751E-05,1.694836630177345,,0.8005803282281567,,15991243.478260871
EUROPE_WEST,GREENLAND,GL,GRL,49398.44,,56377.0,7.668871666076133E-06,,,29661638.0,7.386255586755514E-05,,-6.619368420147901E-05,0.3788302968643619,,3.648695034270071,,
EUROPE_WEST,ICELAND,IS,ISL,73060.19,0.95,330243.0,4.492241846178371E-05,24677655.0,0.0030795883385711315,1600496876.0,0.003985511181796415,-0.003034665920109348,-0.003940588763334632,3.282040428077426,224.9953091377912,291.18220418917065,25976478.94736842,1684733553.6842105
EUROPE_WEST,ANDORRA,AD,AND,39152.81,0.81,78014.0,1.06121176039389E-05,6254321.0,0.0007804928797845881,82380349.0,0.000205141170234806,-0.0007698807621806492,-0.00019452905263086712,0.41549422424467497,30.55848942855882,8.031853261381015,7721383.950617284,101704134.56790122
EUROPE_WEST,LIECHTENSTEIN,LI,LIC,80101.2,0.85,37403.0,5.087869289359945E-06,9511848.0,0.0011870080921003695,402978419.0,0.0010034852420087708,-0.0011819202228110096,-0.000998397372719411,0.84469670879733,197.06910136425992,166.60032580320757,11190409.411764706,474092257.64705884
EUROPE_WEST,SPAIN,ES,ESP,28353.65,0.68,46397664.0,0.0063113988119573704,160024312.0,0.019969847423633585,21501779384.0,0.05354311117284034,-0.013658448611676215,-0.047231712360882964,178.95119292465512,566.2180644031084,1518.1426341058045,235329870.5882353,31620263799.999996
EUROPE_WEST,SWITZERLAND,CH,CHE,80101.2,0.85,8319769.0,0.0011317246528264814,89420980.0,0.011159075172726192,6493147170.0,0.016169047899525394,-0.010027350519899711,-0.015037323246698913,90.65250276098455,893.8553122255752,1295.1601396094634,105201152.94117647,7638996670.588236
EUROPE_WEST,CYPRUS,CY,CYP,25789.85,0.58,1160985.0,0.00015792690230482997,66308828.0,0.008274849999042409,93540.0,2.329306114467147E-07,-0.008116923096737578,0.00015769397169338326,4.072911121406219,213.40714024780385,0.006007245529619055,114325565.51724139,161275.86206896554
EUROPE_WEST,PORTUGAL,PT,PRT,18881.95,0.55,10418473.0,0.0014172079463873426,72714759.0,0.009074262682512184,4863628532.0,0.0121112675626304,-0.007657054736124841,-0.010694059616243059,26.759649583288486,171.33977425806094,228.6843485542091,132208652.72727272,8842960967.272726
EUROPE_WEST,DENMARK,DK,DNK,57532.5,0.9,5688695.0,0.0007738239335624272,88103000.0,0.010994601042649006,6976281596.0,0.017372135319443475,-0.010220777109086579,-0.016598311385881047,44.52002545768034,632.5468844862039,999.4623752658817,97892222.22222222,7751423995.555555
EUROPE_WEST,FRANCE,FR,FRA,38414.88,0.8,64457201.0,0.008768008273293616,110424909.0,0.013780209750244844,20453263691.0,0.050932127620542215,-0.005012201476951228,-0.0421641193472486,336.8219856575814,529.3651039304856,1956.5515706878145,138031136.25,25566579613.75
EUROPE_WEST,NETHERLANDS,NL,NLD,48754.15,0.92,16938499.0,0.002304116484505364,97046699.0,0.012110708352848871,7315810635.0,0.018217620744482875,-0.009806591868343508,-0.01591350425997751,112.33524070304719,590.4472916410468,888.1846144196298,105485542.39130434,7951968081.521739
EUROPE_WEST,SWEDEN,SE,SWE,54043.34,0.91,9763565.0,0.0013281218757364285,91911184.0,0.011469834164983084,6871271177.0,0.017110641401270013,-0.010141712289246655,-0.015782519525533584,71.77614209186154,619.8681475217969,924.7162108669116,101001301.0989011,7550847447.252747
EUROPE_WEST,NORWAY,NO,NOR,75295.26,0.94,5199836.0,0.0007073252384597027,6612647.0,0.0008252093072979332,6833122698.0,0.01701564515860129,-0.00011788406883823054,-0.01630831992014159,53.25823773438531,62.134349347417775,1281.1974262846254,7034730.85106383,7269279465.957447
EUROPE_WEST,UNITED_KINGDOM,UK,GBR,39757.71,0.82,65397080.0,0.008895858485838447,100741434.0,0.012571783881302066,4493382564.0,0.01118929172649697,-0.0036759253954636185,-0.0022934332406585236,353.67896188100406,499.8253377354819,444.86061556746586,122855407.31707318,5479734834.146341
EUROPE_WEST,ITALY,IT,ITA,32746.61,0.57,59504212.0,0.008094261230980495,104232384.0,0.013007428552991288,13087906730.0,0.03259112804336618,-0.0049131673220107926,-0.024496866812385686,265.0596157690382,425.94918992767003,1067.2489594961755,182863831.5789474,22961239877.192986
EUROPE_WEST,FINLAND,FI,FIN,45670.12,0.89,5481966.0,0.0007457029237418223,66480701.0,0.008296298474860523,5068621982.0,0.012621736342308306,-0.0075505955511187,-0.011876033418566485,34.05634201163988,378.8929469026971,576.4362133615815,74697416.85393259,5695080878.651686
EUROPE_WEST,MALDIVES,MV,MDV,11151.09,0.34,418403.0,5.691467995283985E-05,4475369.0,0.0005584928625999004,15270410.0,3.802593476953204E-05,-0.0005015781826470606,1.8888745183307814E-05,0.6346607184753129,6.2278041752091235,0.42403062094918104,13162849.999999998,44912970.58823529
EUROPE_WEST,LUXEMBOURG,LU,LUX,80101.2,0.91,566741.0,7.709285696123692E-05,75705227.0,0.009447450912093569,574189630.0,0.0014298304639968234,-0.009370358055132331,-0.0013527376070355864,8.233961949244769,1009.042269203356,152.714143676638,83192557.14285713,630977615.3846154
MIDDLE_EAST,EGYPT,EG,EGY,2000.3,0.36,93778172.0,0.012756492295567592,14199265.0,0.0017719629725871933,9435885.0,2.3496968811106304E-05,0.0109845293229804,0.012732995326756487,25.516811538823855,3.544457534066163,0.047000986712855936,39442402.777777776,26210791.666666668
MIDDLE_EAST,PALESTINE,PS,PSE,2946.33,0.55,4662884.0,0.0006342845307448027,,,266862022.0,0.0006645321141369108,,-3.0247583392108016E-05,1.8688115414693347,,1.9579309038450043,,485203676.3636363
MIDDLE_EAST,UNITED_ARAB_EMIRATES,AE,ARE,40698.84,0.7,9154302.0,0.0012452448202370484,,,1125608685.0,0.0028029582985544424,,-0.001557713478317394,50.68001969965639,,114.07715131953947,,1608012407.1428573
MIDDLE_EAST,LEBANON,LB,LBN,8778.47,0.52,5851479.0,0.0007959671764680544,12537650.0,0.0015646057428506212,,,-0.0007686385663825668,,6.987373979609521,13.734844575441892,,24110865.384615384,
MIDDLE_EAST,ISRAEL,IL,ISR,42452.14,0.7,8064547.0,0.0010970072190439237,89809613.0,0.011207573689087813,,,-0.010110566470043889,,46.57030404386332,475.78548730947233,,128299447.14285715,
MIDDLE_EAST,BAHRAIN,BH,BHR,23667.62,0.77,1371855.0,0.00018661120562401108,4691471.0,0.0005854607896230272,18140662.0,4.517335355685463E-05,-0.00039884958399901614,0.00014143785206715645,4.416643102450957,13.85646349369775,1.0691457661092838,6092819.48051948,23559301.298701297
MIDDLE_EAST,KUWAIT,KW,KWT,28897.19,0.74,3935794.0,0.0005353796599697119,21379097.0,0.002667952761734495,119427.0,2.973936725812145E-07,-0.002132573101764783,0.0005350822662971307,15.470967756280158,77.09633786686642,0.008593841461377146,28890671.621621624,161387.83783783784
MIDDLE_EAST,IRAQ,IQ,IRQ,4755.72,0.05,36115649.0,0.00491275302549002,35915180.0,0.0044819481229348215,12743106.0,3.1732515205369876E-05,0.0004308049025551989,0.00488102051028465,23.3636778183834,21.314890327203592,0.15091095721248163,718303600.0,254862120.0
MIDDLE_EAST,TURKEY,TR,TUR,10546.06,0.42,78271472.0,0.01064714110156396,98441604.0,0.012284782152462915,1889259.0,4.7045782986017615E-06,-0.0016376410508989556,0.010642436523265358,112.2853888855596,129.55604966680303,0.04961476501175209,234384771.42857143,4498235.714285715
MIDDLE_EAST,OMAN,OM,OMN,15267.42,0.68,4199810.0,0.0005712933272771379,18008581.0,0.002247337360126545,20593197.0,5.128058551264326E-05,-0.0016760440328494075,0.0005200127417644946,8.72217517073752,34.31104335874322,0.78292223686744,26483207.352941174,30284113.235294115
MIDDLE_EAST,SYRIA,SY,SYR,831.06,0.23,18734987.0,0.0025484898268550065,49035503.0,0.006119267135178352,70690429.0,0.00017603126844559092,-0.003570777308323346,0.0023724585584094155,2.1179479555061214,5.085478145361321,0.14629254595439278,213197839.13043478,307349691.3043478
MIDDLE_EAST,YEMEN,YE,YEM,989.61,0.15,26916207.0,0.0036613678844305314,13853161.0,0.0017287717600375074,,,0.001932596124393024,,3.6233262721112984,1.7108098214507177,,92354406.66666667,
MIDDLE_EAST,SAUDI_ARABIA,SA,SAU,20760.91,0.48,31557144.0,0.0042926670004413935,7645433.0,0.000954093341126898,41409424.0,0.0001031165539018202,0.0033385736593144954,0.004189550446539573,89.11967325613372,19.80784598673483,2.140793495065838,15927985.416666668,86269633.33333334
MIDDLE_EAST,QATAR,QA,QAT,63505.88,0.86,2481539.0,0.00033755971629144686,11226325.0,0.0014009621074210481,102610732.0,0.0002555182867837821,-0.0010634023911296013,8.204142950766477E-05,21.43702683563867,88.96933147842819,16.22691365829645,13053866.279069768,119314804.65116279
MIDDLE_EAST,JORDAN,JO,JOR,4195.73,0.35,9159302.0,0.0012459249621092725,45183129.0,0.005638519428550043,51156835.0,0.0001273892757775144,-0.004392594466440771,0.001118535686331758,5.227564741270737,23.657705121950272,0.5344910060579905,129094654.2857143,146162385.71428573
OCEANIA,AUSTRALIA,AU,AUS,57613.23,0.79,23799556.0,0.00323741491518868,156352151.0,0.019511588962975317,68867220.0,0.00017149116595291232,-0.016274174047786638,0.003065923749235768,186.51793011419593,1124.1256625893584,9.880159987013307,197914115.1898734,87173696.20253164
OCEANIA,NEW_ZEALAND,NZ,NZL,42934.98,0.86,4614532.0,0.0006277072867836463,86634222.0,0.01081130844046497,173246513.0,0.0004314134723551551,-0.010183601153681323,0.00019629381442849123,26.950599803910123,464.1833116651947,18.52272880729914,100737467.44186047,201449433.72093025
OCEANIA,TONGA,TO,TON,3949.82,0.25,106364.0,1.4468522019449808E-05,712473.0,8.891134681746665E-05,,,-7.444282479801684E-05,,0.057148057642863244,0.3511838158865661,,2849892.0,
OCEANIA,MARSHALL_ISLANDS ,MH,MHL,3753.26,,52994.0,7.208687675329275E-06,1157898.0,0.0001444970836189596,,,-0.00013728839594363032,,0.027056079104306355,0.5423351240636963,,,
OCEANIA,NEW_CALEDONIA,NC,NCL,35815.49,,269091.0,3.660401130773352E-05,,,46925316.0,0.00011685206914913733,,-8.024805784140381E-05,1.3109906009520167,,4.185114114090236,,
OCEANIA,MALAYSIA,MY,MYS,9951.45,0.61,30723155.0,0.004179220832466525,89509703.0,0.011170147145171023,1291530890.0,0.0032161329902717518,-0.0069909263127044975,0.0009630878421947736,41.58930715324901,111.15916080781219,32.005186646039824,146737218.03278688,2117263754.0983608
OCEANIA,TUVALU,TV,TUV,3923.56,0.3,11001.0,1.4964481472675655E-06,1083212.0,0.0001351768246780463,,,-0.00013368037653077873,,0.005871404092693129,0.5303743822337953,,3610706.666666667,
OCEANIA,SAMOA,WS,WSM,4355.68,,193759.0,2.635672180405565E-05,37174246.0,0.00463907022270854,,,-0.004612713500904485,,0.11480144602748912,20.206305387647138,,,
